Autonomous,Driving_Expertise,Reaction_Time,Fatigue,Decision_Making,Consistency,Weather,Road_Condition,Pedestrians,Animals,Road_Type,Crash_Probability,Crash_Severity
False,0.6718949526866381,0.5929911281272038,0.604518408901459,0.583637414327321,0.5948863704855583,Snowy,Dry,False,True,Curved,1.0,10.0
True,1.0,0.21820708503919084,0.0,1.0,1.0,Rainy,Wet,True,False,Straight,0.09858066660000493,1.1292133320000985
False,0.970419170910664,0.9212468400899636,0.32056141098257185,0.8367530671928285,0.5507059308855898,Rainy,Wet,True,False,Curved,0.9581385967328945,10.0
True,1.0,0.3557880140546026,0.0,1.0,1.0,Clear,Icy,False,True,Turning,0.1308848376345768,1.619296752691536
True,1.0,0.18040527868183143,0.0,1.0,1.0,Foggy,Icy,True,False,Banked,0.1950598891020708,2.1851977820414157
True,1.0,0.45558537055740744,0.0,1.0,1.0,Foggy,Dry,True,False,Turning,0.14563181682085047,1.8986363364170094
False,0.9746175974693405,1.4341730032846889,0.03473448610988861,0.8447621659967512,0.5387741628240257,Clear,Wet,True,True,Curved,1.0,10.0
False,0.9900689226343035,0.5471990367824837,0.863567102453891,0.8891810094109334,0.6952021528636574,Foggy,Icy,False,False,Straight,1.0,10.0
False,0.8608728452477182,1.4255638403589583,0.9161866131106602,0.6677517777196669,0.5996841652709715,Foggy,Wet,False,False,Turning,1.0,10.0
False,0.6933296133994806,1.1465734874683724,0.7769207470326852,0.6911538837934849,0.903446641056173,Rainy,Wet,False,False,Banked,1.0,10.0
True,1.0,0.2373030194209537,0.0,1.0,1.0,Snowy,Dry,False,True,Straight,0.09237370627631608,1.0698741255263216
True,1.0,0.425906379049094,0.0,1.0,1.0,Foggy,Dry,True,False,Banked,0.11982195731323737,1.5384391462647473
False,0.6985374439585471,1.297511348729503,0.18172385627658416,0.9267242808738274,0.6197645627466821,Rainy,Wet,True,False,Banked,1.0,10.0
True,1.0,0.20627803558585836,0.0,1.0,1.0,Snowy,Wet,True,True,Banked,0.21487769988189695,2.4442739976379384
True,1.0,0.19912494955253163,0.0,1.0,1.0,Snowy,Dry,False,True,Banked,0.1095877732077058,1.2413554641541156
False,0.6067454841673162,1.2524712098582647,0.4528051805985811,0.7063246228546303,0.8288927404966946,Rainy,Wet,True,False,Banked,1.0,10.0
True,1.0,0.2982729671601852,0.0,1.0,1.0,Snowy,Dry,True,True,Straight,0.1261784047927063,1.5126880958541262
False,0.8649447319991246,0.780624377877202,0.9161502415875494,0.7784906934233431,0.6591678230331034,Foggy,Dry,True,True,Straight,1.0,10.0
False,0.6298807943875315,1.2973839930024682,0.6504868484310322,0.8393563050704275,0.5243047144726984,Rainy,Wet,False,True,Turning,1.0,10.0
False,0.9376560402735019,1.2664625256647488,0.22256439853412868,0.7223547863319482,0.7264831741603348,Snowy,Dry,True,True,Turning,1.0,10.0
True,1.0,0.2872122317654052,0.0,1.0,1.0,Snowy,Wet,False,False,Curved,0.16029185409989757,1.9098370819979513
True,1.0,0.4254685593823444,0.0,1.0,1.0,Clear,Wet,True,True,Banked,0.11498221022642263,1.4759642045284525
True,1.0,0.11012689745657106,0.0,1.0,1.0,Clear,Dry,False,False,Straight,0.031081974261495685,0.3336394852299136
False,0.5931542900196783,0.8020491083066053,0.8466818775636183,0.5974337761100943,0.7127113119753814,Rainy,Wet,True,True,Straight,1.0,10.0
True,1.0,0.2977508544726807,0.0,1.0,1.0,Foggy,Dry,True,True,Turning,0.15181545412531347,1.8195090825062692
False,0.8112171863982947,0.6563837544764839,0.15417469678891793,0.8877827241672778,0.5880051288995303,Rainy,Dry,True,True,Curved,0.4460543576570072,8.022527153140144
False,0.5639102597502488,0.6855875764509161,0.6153702538628048,0.9136234964923982,0.9299034500840078,Clear,Icy,True,False,Curved,0.9979147862870822,10.0
False,0.6134197179202382,1.0007331754798838,0.8936214709446763,0.8016948722598095,0.5871531665378219,Rainy,Dry,True,True,Curved,1.0,10.0
True,1.0,0.15168106325458638,0.0,1.0,1.0,Foggy,Wet,False,True,Banked,0.13216457556410285,1.4552915112820568
False,0.6985480080978499,1.3796174009415612,0.5512270776638625,0.7295573541729214,0.7557253248521594,Snowy,Wet,True,False,Straight,1.0,10.0
True,1.0,0.25245319318346493,0.0,1.0,1.0,Snowy,Icy,False,True,Curved,0.24932130666400054,2.912826133280011
False,0.5498883402132271,1.0382480084815495,0.9521502019735173,0.9902420288086757,0.6111306879406735,Clear,Dry,False,True,Curved,1.0,10.0
False,0.7670661839080203,0.5357518539812856,0.4025372078901258,0.6001520578723842,0.7213081112271236,Rainy,Icy,True,False,Turning,1.0,10.0
True,1.0,0.15665375874127163,0.0,1.0,1.0,Foggy,Dry,True,True,Curved,0.12541814971107718,1.385162994221543
False,0.9985691389216805,0.649937951030411,0.990389530884869,0.9290321683159721,0.7830367615606002,Rainy,Icy,True,True,Banked,1.0,10.0
False,0.5915202380010965,1.3549562059589635,0.9929027854879057,0.6687669203097505,0.6857953133288388,Rainy,Dry,False,False,Straight,1.0,10.0
True,1.0,0.44203343584464283,0.0,1.0,1.0,Clear,Wet,True,False,Curved,0.10616592603724895,1.3745185207449788
False,0.6378898549994132,1.2759751000047415,0.00631291035985071,0.8345011931481037,0.614557589802041,Clear,Icy,True,False,Turning,1.0,10.0
True,1.0,0.18790061704745398,0.0,1.0,1.0,Foggy,Dry,False,True,Straight,0.07407975437140754,0.8335950874281507
False,0.6146193018962092,1.2766235175439986,0.4735265870157701,0.6826875075180692,0.5316287737854979,Snowy,Dry,False,True,Banked,1.0,10.0
False,0.7843384857204612,1.2390668140840817,0.9367834897801967,0.829844117415297,0.6841437186542076,Foggy,Wet,True,False,Banked,1.0,10.0
False,0.6649741583625421,0.5531049417106738,0.5695754433672519,0.8352626342003195,0.7881159883770962,Snowy,Icy,False,True,Straight,1.0,10.0
False,0.6788763508381455,0.4403215920795318,0.47716037782600607,0.5002639696419369,0.568543929674328,Snowy,Icy,True,False,Turning,1.0,10.0
True,1.0,0.34909974296950463,0.0,1.0,1.0,Foggy,Dry,False,True,Straight,0.08445562454803111,1.0411124909606222
False,0.5366458033800153,0.4623209487128683,0.2436509113900196,0.8582262412831055,0.9529684705534387,Snowy,Dry,True,True,Curved,0.5869163441998746,10.0
False,0.607809718974655,0.41446579288148266,0.49054949651059776,0.7419363641415693,0.5399514615457128,Snowy,Wet,False,False,Straight,1.0,10.0
False,0.9795719137009937,1.104088735206487,0.9638347292722603,0.767382579377433,0.7375771613744957,Rainy,Dry,False,False,Straight,1.0,10.0
True,1.0,0.14611525417154403,0.0,1.0,1.0,Snowy,Wet,True,True,Banked,0.20532914700201743,2.2533029400403484
True,1.0,0.11235088394228493,0.0,1.0,1.0,Clear,Icy,False,False,Banked,0.0760999295700974,0.8179985914019475
True,1.0,0.16341581678703837,0.0,1.0,1.0,Foggy,Dry,True,True,Curved,0.12605266627875067,1.3978533255750132
False,0.6361437216147308,0.5676247748132978,0.6400838751799971,0.8997704495551467,0.6420462037620617,Clear,Wet,True,False,Turning,0.9866745316267443,10.0
False,0.984084787075454,0.8035473757560267,0.30617035410692406,0.7723777616969543,0.8812576511325629,Clear,Icy,True,True,Curved,0.5552230226588448,9.906380453176897
False,0.942406758446233,0.3157349522838478,0.8162157401539853,0.6928284611200034,0.6737793662646056,Snowy,Wet,False,False,Turning,1.0,10.0
False,0.6221319599188988,0.6091551423724075,0.2205907961000485,0.5995899216742628,0.7944316556271716,Clear,Wet,False,True,Straight,0.37791598917643915,7.039919783528783
False,0.5395390916984899,1.3475514853409427,0.5654326502239246,0.6790467021515711,0.78465488067249,Snowy,Wet,False,True,Turning,1.0,10.0
False,0.7967822271062122,1.1347205974932324,0.179246257007173,0.6748822857071533,0.5807559994198985,Snowy,Dry,False,True,Straight,1.0,10.0
False,0.6173853687474435,0.301872074673496,0.3140135676717871,0.6449904438710403,0.7622601338504438,Rainy,Wet,False,True,Turning,0.6753312041178097,10.0
False,0.8287295529046078,0.5224177806682753,0.9723746428669063,0.8768596249138013,0.9373295005452877,Foggy,Icy,False,False,Banked,1.0,10.0
True,1.0,0.4166828480264183,0.0,1.0,1.0,Foggy,Icy,True,False,Banked,0.23760354899861966,3.036070979972392
True,1.0,0.4335133573582387,0.0,1.0,1.0,Foggy,Icy,True,False,Curved,0.2632944368664937,3.393888737329873
False,0.9385367125642219,0.5429326617891271,0.5258245375683194,0.8380108171581161,0.8286913324132867,Foggy,Wet,False,False,Curved,0.5476962359811134,9.873924719622268
False,0.5641518518531276,1.139835048616949,0.723546042555416,0.6092631406647233,0.7878097469695204,Rainy,Dry,True,True,Banked,1.0,10.0
True,1.0,0.4990825441307313,0.0,1.0,1.0,Foggy,Dry,True,True,Straight,0.12624417653927306,1.6824835307854606
False,0.8808418588465143,0.8226092407470236,0.3013585872891379,0.9258128349429819,0.673873827579306,Snowy,Dry,True,True,Straight,0.5830389097135684,10.0
False,0.9001764565170002,0.37148519245450606,0.7777460152332555,0.518646177815027,0.5050803201008988,Foggy,Icy,False,False,Banked,1.0,10.0
True,1.0,0.15935268021683247,0.0,1.0,1.0,Foggy,Wet,False,False,Turning,0.1309069114675028,1.4481382293500558
False,0.5533180428160742,1.2124206822308776,0.2040401602822457,0.9318872185851296,0.66665922797647,Rainy,Icy,True,True,Curved,1.0,10.0
False,0.8140022221116007,1.2914577522334405,0.9638423621827127,0.7776886185255665,0.715122058879034,Snowy,Wet,False,True,Banked,1.0,10.0
False,0.7762752372709834,0.44589834166457787,0.6957629570905571,0.6982743866290386,0.6106436330252962,Clear,Icy,True,True,Banked,1.0,10.0
False,0.945124403326091,0.44764181209696563,0.40739568440296736,0.9663940730346311,0.8704308425476099,Clear,Dry,False,True,Curved,0.13941125258108383,2.3274250516216766
False,0.591555797551286,0.728550710307702,0.6560232796354698,0.5093582842545875,0.6159953499707791,Clear,Dry,True,False,Turning,1.0,10.0
True,1.0,0.32086756763300217,0.0,1.0,1.0,Snowy,Icy,False,False,Straight,0.1648669773332926,2.001339546665852
True,1.0,0.16119625534451296,0.0,1.0,1.0,Foggy,Icy,True,False,Turning,0.2272177690078687,2.5163553801573735
True,1.0,0.2863264836773156,0.0,1.0,1.0,Clear,Icy,False,False,Banked,0.08700857238770275,1.036171447754055
True,1.0,0.16206630238408115,0.0,1.0,1.0,Rainy,Dry,False,True,Banked,0.0710349101523887,0.7870982030477742
False,0.695421723046677,0.4355262367650299,0.7516064519939876,0.864916357666778,0.8769458492185234,Foggy,Dry,True,True,Banked,1.0,10.0
True,1.0,0.10372771065322213,0.0,1.0,1.0,Rainy,Dry,True,True,Curved,0.09653131486485089,1.0320662972970176
True,1.0,0.18176447116677377,0.0,1.0,1.0,Clear,Dry,False,False,Straight,0.032771078502364784,0.3674215700472956
False,0.7041457387374566,0.7732651702168363,0.7340632281620652,0.5614278676745575,0.9504518487594138,Clear,Dry,True,True,Curved,1.0,10.0
True,1.0,0.410362289781535,0.0,1.0,1.0,Snowy,Wet,True,False,Turning,0.25125782398363306,3.199956479672661
False,0.8208774714551683,0.4737921899025518,0.07824190662475017,0.9517557590195594,0.9551175915853319,Foggy,Wet,True,True,Curved,0.35803595623566953,5.475919124713389
True,1.0,0.20834129368286988,0.0,1.0,1.0,Foggy,Wet,True,True,Straight,0.14674154950763277,1.6712309901526552
True,1.0,0.4786192058688564,0.0,1.0,1.0,Rainy,Dry,True,False,Turning,0.11913284516330597,1.5714569032661194
True,1.0,0.21706963197028395,0.0,1.0,1.0,Clear,Dry,False,True,Curved,0.0538766574729635,0.6167331494592699
False,0.8648236571855392,1.445973858476187,0.8316970461409112,0.7381435284100216,0.8180311534217888,Foggy,Dry,False,False,Banked,1.0,10.0
True,1.0,0.4702637233248641,0.0,1.0,1.0,Snowy,Wet,False,False,Straight,0.14158965096458132,1.8597930192916263
True,1.0,0.41544791661989167,0.0,1.0,1.0,Clear,Wet,False,True,Turning,0.10356349106807687,1.3224698213615371
True,1.0,0.1622207353015479,0.0,1.0,1.0,Snowy,Icy,True,False,Straight,0.18891008903248738,2.093401780649747
False,0.8563057715249153,1.3893155288642138,0.724707094874215,0.5737164353845802,0.6237027141655527,Clear,Icy,False,False,Turning,1.0,10.0
True,1.0,0.139891872197362,0.0,1.0,1.0,Rainy,Icy,True,False,Straight,0.12387250436639381,1.354250087327876
True,1.0,0.19428247719076,0.0,1.0,1.0,Clear,Dry,True,True,Turning,0.07455211276522143,0.8420822553044285
False,0.927528873270317,1.3218400215483674,0.48473125913253456,0.8467929774375769,0.8989688740271311,Foggy,Icy,False,True,Straight,1.0,10.0
False,0.8472224636188136,0.4316636366965688,0.3183394352735478,0.9428747627787287,0.8821590509615539,Rainy,Icy,True,False,Straight,0.3283022089375843,5.442844178751685
False,0.9726732238673061,1.1729697810924449,0.2497733400785329,0.7787781560957563,0.5908939509226001,Snowy,Dry,True,True,Curved,1.0,10.0
True,1.0,0.25027219109579196,0.0,1.0,1.0,Clear,Wet,False,True,Curved,0.08296206522835493,0.9680413045670985
True,1.0,0.46350865124255036,0.0,1.0,1.0,Snowy,Icy,False,False,Turning,0.27091398335029454,3.5462796670058907
False,0.6510209606692888,1.3403718156836675,0.8335138709733015,0.6523666288785761,0.9203089122420733,Clear,Icy,True,True,Banked,1.0,10.0
False,0.510404779778568,0.41607313985691746,0.8601814014776872,0.8069248336669674,0.6887615798635602,Snowy,Icy,False,True,Banked,1.0,10.0
False,0.6286893286701815,1.1125880463041802,0.1816593363677036,0.713569341729063,0.8289663128897662,Foggy,Dry,False,True,Turning,1.0,10.0
False,0.59249326382708,1.397666470314641,0.47416530042072214,0.8973952016625417,0.580008987009706,Rainy,Icy,False,False,Curved,1.0,10.0
True,1.0,0.4543289017658456,0.0,1.0,1.0,Foggy,Icy,True,True,Turning,0.3490963847202532,4.548327694405065
True,1.0,0.36164793184067434,0.0,1.0,1.0,Foggy,Icy,True,True,Curved,0.2960068413147896,3.673736826295792
False,0.9620302761520645,1.4415653177173298,0.7686049298235231,0.6091831514315363,0.5758173823036714,Rainy,Dry,False,True,Straight,1.0,10.0
True,1.0,0.28530894121043404,0.0,1.0,1.0,Foggy,Wet,False,True,Turning,0.17337741846051125,2.0635483692102246
True,1.0,0.11709815988381043,0.0,1.0,1.0,Rainy,Icy,False,True,Banked,0.13745010273760985,1.481802054752197
False,0.5485480211471458,0.4661915327683595,0.10696914958235093,0.82735064081218,0.8801415594344335,Snowy,Dry,False,False,Straight,0.26357421948572496,4.623484389714498
True,1.0,0.4275688190530723,0.0,1.0,1.0,Clear,Dry,False,True,Curved,0.06445168811575297,0.8282337623150593
True,1.0,0.2488452784692743,0.0,1.0,1.0,Clear,Dry,True,True,Curved,0.07181845574627706,0.8373291149255411
False,0.7717199341101809,0.8965211015146568,0.9914339438189819,0.6489771265299227,0.5042180497347608,Foggy,Icy,True,False,Curved,1.0,10.0
False,0.6546519435525753,0.5972731141380934,0.13356521604338034,0.9184100839261686,0.500479996363,Clear,Icy,False,False,Straight,0.36710276625909555,6.766055325181911
True,1.0,0.4327633211424302,0.0,1.0,1.0,Snowy,Dry,False,False,Turning,0.13155469895421146,1.695093979084229
False,0.8744671654358216,1.2075920296383091,0.11875195500100655,0.7176722054340707,0.5646505885485988,Foggy,Icy,False,False,Banked,1.0,10.0
False,0.9043316585750527,0.43275938106801237,0.19330793755517695,0.5085538748861784,0.8450885044931018,Foggy,Icy,True,True,Curved,1.0,10.0
True,1.0,0.2125618032596675,0.0,1.0,1.0,Clear,Wet,True,False,Curved,0.08724302283743271,0.9960604567486538
False,0.5767121233991621,1.188456829846849,0.5881275132999596,0.7970307319490768,0.8064831282112191,Snowy,Icy,True,True,Turning,1.0,10.0
True,1.0,0.12280522352260399,0.0,1.0,1.0,Clear,Icy,True,True,Straight,0.09786850945278201,1.0588101890556403
True,1.0,0.12495518328363492,0.0,1.0,1.0,Snowy,Wet,False,True,Curved,0.16965265216378722,1.837853043275744
False,0.5942760291433639,0.32526951808485005,0.32176547968244773,0.5232066263505721,0.9048065549860165,Foggy,Dry,True,False,Curved,0.6263712168510016,10.0
True,1.0,0.4699619335470493,0.0,1.0,1.0,Foggy,Dry,True,True,Banked,0.14993620627228968,1.969124125445793
False,0.7669909361656997,0.7618542091043168,0.8226349536880003,0.8781432562922974,0.9667811924370587,Rainy,Icy,True,True,Turning,1.0,10.0
True,1.0,0.42582294489041617,0.0,1.0,1.0,Rainy,Dry,True,False,Curved,0.10456376764493588,1.3424753528987177
False,0.5885165646584682,0.7913385371579327,0.24783215995172736,0.7760749880399659,0.9825661211348007,Snowy,Icy,True,False,Straight,1.0,10.0
True,1.0,0.1804500338437227,0.0,1.0,1.0,Clear,Dry,True,True,Curved,0.06809594354486018,0.7628788708972035
False,0.9488557509587517,0.7994125884646552,0.6000866273665644,0.9280691633496458,0.7641774880769503,Rainy,Icy,True,True,Curved,1.0,10.0
False,0.6928213726541843,1.0458354045188678,0.4224919360542122,0.8145748329287457,0.6851170354542202,Foggy,Icy,True,False,Turning,1.0,10.0
True,1.0,0.34846796431373256,0.0,1.0,1.0,Rainy,Dry,True,False,Curved,0.09753962245007082,1.2019924490014162
False,0.9591104444234371,1.1032316285660095,0.3523432908202483,0.7967104107849272,0.7897776993111849,Snowy,Icy,False,False,Straight,1.0,10.0
True,1.0,0.39376969538795037,0.0,1.0,1.0,Rainy,Icy,False,False,Turning,0.1692233517916961,2.1364670358339217
False,0.8479655830314048,1.2685679109322272,0.5338665797149554,0.8818596831366976,0.8058177786688417,Clear,Icy,True,False,Turning,1.0,10.0
False,0.6020700086207982,1.0017654572382475,0.5931766149811774,0.9455545654610698,0.5812538241722754,Foggy,Icy,True,True,Banked,1.0,10.0
False,0.8690870564351287,1.3525727598179489,0.579331575793424,0.8039148860516951,0.7225259030912707,Foggy,Dry,False,False,Straight,1.0,10.0
True,1.0,0.405787937157967,0.0,1.0,1.0,Snowy,Dry,False,False,Banked,0.10857127611208824,1.3794255222417644
False,0.843000828026666,0.8474396797372634,0.5591499682660649,0.8427919656701643,0.9253041132203437,Snowy,Wet,True,True,Turning,1.0,10.0
False,0.5562722810020799,0.8006563314444679,0.28897525995147,0.7291677725277377,0.9718619459491735,Foggy,Wet,False,True,Curved,0.9917482399593714,10.0
False,0.8882028668533262,0.8938154491509549,0.26522109873604593,0.6580185480783742,0.8961676195447446,Foggy,Dry,False,True,Turning,0.6018191634034152,10.0
True,1.0,0.14730702887682395,0.0,1.0,1.0,Rainy,Icy,False,True,Banked,0.1405196922418926,1.5431938448378515
True,1.0,0.2586830478913032,0.0,1.0,1.0,Clear,Dry,False,True,Turning,0.060323030208197057,0.7072606041639411
False,0.7673206434904181,0.5284614694575968,0.5200834580091733,0.8850862205827219,0.5002723841230644,Foggy,Icy,True,True,Curved,1.0,10.0
False,0.8333786458328497,0.9031142340331137,0.2369611905429837,0.797502196345081,0.736863409213392,Rainy,Icy,True,False,Turning,1.0,10.0
True,1.0,0.15975092925266723,0.0,1.0,1.0,Clear,Icy,False,False,Curved,0.08595417263431765,0.9510834526863529
True,1.0,0.1183697065104754,0.0,1.0,1.0,Snowy,Wet,True,True,Straight,0.16462291039200097,1.7761382078400192
False,0.8225246563676959,0.22247361380240763,0.9682409387105373,0.6787181958086884,0.6463919211070663,Foggy,Icy,False,False,Straight,1.0,10.0
False,0.7244127525742434,0.26732220913059773,0.7611700183142153,0.9569903042950234,0.9561330974828663,Foggy,Icy,True,False,Banked,1.0,10.0
True,1.0,0.11249200139343314,0.0,1.0,1.0,Clear,Icy,False,True,Turning,0.10793451291841169,1.1602902583682335
True,1.0,0.20855332886855005,0.0,1.0,1.0,Rainy,Wet,False,True,Straight,0.0903173182504009,1.0287463650080182
False,0.7419739822829468,1.0648446988003502,0.9546921433652897,0.7793130461215485,0.9645628124507861,Foggy,Wet,False,True,Straight,1.0,10.0
True,1.0,0.4149589740577899,0.0,1.0,1.0,Foggy,Dry,False,True,Turning,0.12939602894561686,1.6519205789123372
False,0.5684635092147676,1.4121705677592102,0.7681184051801296,0.5921184008529063,0.9275541945576669,Rainy,Dry,False,False,Turning,1.0,10.0
True,1.0,0.4727480549669333,0.0,1.0,1.0,Clear,Icy,True,False,Curved,0.145787020140594,1.91734040281188
False,0.7402001578389352,0.7054369262952074,0.5411838538093395,0.8423671490902728,0.6628401516838573,Foggy,Wet,True,False,Turning,1.0,10.0
True,1.0,0.43924126572635613,0.0,1.0,1.0,Rainy,Icy,False,False,Curved,0.162902264593018,2.1060452918603603
False,0.9152183498510557,1.4602839028711159,0.28746985892219046,0.8643270781177959,0.6090806800932712,Rainy,Icy,True,False,Straight,1.0,10.0
False,0.5638628999084683,0.44028533719820007,0.09140457906215094,0.9344607780426348,0.964647858281177,Rainy,Icy,True,True,Curved,0.5508146044110547,9.219172088221093
True,1.0,0.2702394746911552,0.0,1.0,1.0,Snowy,Dry,True,False,Turning,0.1484191403478019,1.751582806956038
False,0.7770719242271931,0.4222599464299383,0.5844559346779687,0.6526369198050765,0.8406339244607767,Foggy,Icy,True,False,Banked,1.0,10.0
True,1.0,0.4909993454884204,0.0,1.0,1.0,Foggy,Dry,False,True,Turning,0.13914758069999722,1.846951613999944
True,1.0,0.12189565103050543,0.0,1.0,1.0,Foggy,Wet,False,True,Turning,0.15281861649843892,1.652372329968778
True,1.0,0.20333054199289338,0.0,1.0,1.0,Clear,Icy,True,False,Banked,0.10587123738611855,1.2022247477223706
False,0.8193142869130668,0.6636086114055695,0.14114607347222496,0.7191802035042831,0.7644621980629867,Snowy,Wet,False,False,Curved,0.6007906085648083,10.0
False,0.851163919291562,1.4739769879162228,0.4594623312312275,0.6299787360779381,0.9237026903826818,Foggy,Dry,False,True,Banked,1.0,10.0
True,1.0,0.18889821527968562,0.0,1.0,1.0,Rainy,Dry,False,True,Turning,0.08566840599943217,0.9645681199886433
True,1.0,0.37535233557534,0.0,1.0,1.0,Clear,Icy,True,False,Straight,0.09987127840385458,1.2486255680770915
False,0.7530137990971948,1.3565117726296734,0.8120850616217307,0.778408196077933,0.6763131871611024,Rainy,Icy,True,False,Straight,1.0,10.0
False,0.9136049619125275,0.765233414166725,0.3159696957787216,0.5312974390143936,0.5907696378314016,Rainy,Wet,False,True,Straight,0.8092979331633249,10.0
True,1.0,0.47063286998104337,0.0,1.0,1.0,Snowy,Icy,False,False,Banked,0.230821436852782,3.0324287370556395
False,0.7124278906194831,0.8218760277657879,0.2925373634637618,0.9346782653835264,0.7482820119247673,Rainy,Wet,True,True,Straight,0.634322176997472,10.0
True,1.0,0.49477477166173356,0.0,1.0,1.0,Snowy,Wet,False,True,Turning,0.25140634444458826,3.3433268888917644
False,0.814552492625515,0.7590151119276214,0.9716687866004943,0.6707275251025642,0.8047956920696122,Rainy,Dry,False,True,Banked,1.0,10.0
False,0.7398452804530972,0.9506712751243298,0.5312917150998178,0.616976271691398,0.9655618581315806,Clear,Icy,True,True,Straight,1.0,10.0
False,0.9523010525386402,0.4212615433761211,0.29480904631214166,0.63846767595456,0.9689415041901163,Foggy,Dry,True,True,Turning,0.407264755284629,6.928495105692581
True,1.0,0.3244160023654659,0.0,1.0,1.0,Foggy,Icy,False,False,Turning,0.19905000448359797,2.421000089671959
True,1.0,0.43703480837445186,0.0,1.0,1.0,Foggy,Wet,False,False,Curved,0.1524038616469277,1.9680772329385539
False,0.8655640391216171,0.99196352331663,0.8971940253866806,0.9228641749590638,0.919295821614484,Clear,Dry,True,True,Turning,1.0,10.0
False,0.5071943548553819,0.6266160598084076,0.5805994982206888,0.6496243510987761,0.9827431263874923,Rainy,Wet,True,False,Straight,1.0,10.0
False,0.880274716294738,0.4078387519716766,0.9949138342679933,0.9910212811953204,0.5524055774621672,Foggy,Dry,False,True,Turning,1.0,10.0
False,0.8759927505046778,1.3035976648128693,0.1140769405317359,0.5409580155392075,0.6228808448082007,Rainy,Icy,True,True,Curved,1.0,10.0
True,1.0,0.4550031865270918,0.0,1.0,1.0,Snowy,Icy,True,False,Banked,0.29557984868248394,3.8523969736496784
False,0.7885460967086035,0.6815284834080172,0.14780696153844897,0.9307215304122323,0.9623058342298807,Clear,Icy,True,True,Turning,0.3952188640671367,6.606457281342734
True,1.0,0.40181766665551766,0.0,1.0,1.0,Rainy,Dry,False,True,Banked,0.08654300575985269,1.0972601151970536
True,1.0,0.36933381973077006,0.0,1.0,1.0,Snowy,Icy,True,False,Curved,0.29801899612825106,3.7139799225650205
True,1.0,0.10417409315293963,0.0,1.0,1.0,Clear,Icy,True,True,Curved,0.12874958053038268,1.3769116106076533
False,0.67478086844557,0.5163541051787066,0.42659191073672864,0.7869838850910619,0.8450422232267215,Rainy,Icy,False,False,Curved,0.6827066437865107,10.0
False,0.6638701374120881,1.3431154919886417,0.29933685967458346,0.8573168235310857,0.6032920382934097,Foggy,Icy,True,True,Straight,1.0,10.0
False,0.5699304525368385,0.7718320369908636,0.21703295923923782,0.6743394788714386,0.8603122405692334,Clear,Wet,False,True,Turning,0.5958342936277663,10.0
True,1.0,0.4193916607459842,0.0,1.0,1.0,Snowy,Icy,True,True,Banked,0.34300679213328833,4.389095842665766
False,0.5451737879466938,1.0227298516207508,0.2918987754759398,0.8328295657273763,0.5429741093913523,Clear,Icy,True,False,Banked,1.0,10.0
True,1.0,0.24282734199380085,0.0,1.0,1.0,Foggy,Wet,False,True,Turning,0.16751875620171305,1.9463751240342608
False,0.9782593983368675,0.9974776175272728,0.6600246364923114,0.9191595819147604,0.9555067764222033,Clear,Dry,False,False,Curved,0.3924107599083784,7.464215198167568
True,1.0,0.3178809094265143,0.0,1.0,1.0,Snowy,Wet,True,False,Straight,0.16033917522476338,1.9431835044952672
False,0.9570562960556671,0.5834808456168765,0.5212400114700705,0.6888554945857746,0.627443709434661,Snowy,Icy,False,False,Straight,1.0,10.0
True,1.0,0.34938073754065024,0.0,1.0,1.0,Clear,Icy,False,True,Straight,0.09010799956398519,1.1109599912797037
False,0.9141177433192766,0.2557098073356357,0.3733049777398598,0.5622198620344453,0.5944546895819858,Snowy,Wet,True,False,Banked,0.9724024584758143,10.0
False,0.5713549609728396,0.7456079540482894,0.42222067813814357,0.9668134631857837,0.7545550647093449,Clear,Dry,False,True,Straight,0.2853423717274415,5.3612474345488295
True,1.0,0.31154741869860236,0.0,1.0,1.0,Clear,Wet,False,False,Turning,0.07875787513331388,0.9511575026662775
False,0.7875663518804601,0.2583746823959485,0.49529710711637087,0.6300638641982247,0.8780857319405808,Rainy,Icy,False,True,Straight,0.5695754319902201,10.0
False,0.8826303827376009,1.332519394277568,0.754398800141486,0.6753024984593906,0.927839311610579,Clear,Icy,True,True,Banked,1.0,10.0
True,1.0,0.28140510101879257,0.0,1.0,1.0,Rainy,Wet,False,True,Turning,0.13825759498981638,1.6419518997963276
False,0.9195718609992429,1.2669892091474373,0.7756596633854753,0.8828333051092918,0.5175573945160772,Rainy,Dry,False,True,Straight,1.0,10.0
False,0.7215937325801685,1.1716367607331835,0.9618005790708161,0.6112223481099981,0.617018212431852,Foggy,Dry,True,False,Curved,1.0,10.0
False,0.547146544726745,1.1326981634717983,0.6050428525541452,0.8113443289441775,0.5563585420775397,Snowy,Wet,False,False,Straight,1.0,10.0
True,1.0,0.25835920015943126,0.0,1.0,1.0,Foggy,Dry,False,True,Curved,0.10437801336476792,1.2235602672953583
True,1.0,0.36208351208979606,0.0,1.0,1.0,Foggy,Wet,True,True,Banked,0.203582602467995,2.5272520493599
False,0.7309126449150983,0.20951964668251735,0.7579619160257166,0.5331423767644177,0.5282985519888852,Rainy,Dry,True,True,Banked,1.0,10.0
True,1.0,0.20828903726110282,0.0,1.0,1.0,Snowy,Icy,False,True,Curved,0.24079690346552612,2.742338069310523
False,0.5493953412575703,1.0245793171277344,0.1444428573861597,0.8753264258691961,0.7719930706624613,Rainy,Icy,True,True,Turning,1.0,10.0
False,0.9327750762302496,0.9466371329794525,0.20468609916666325,0.5887280343964484,0.5390643104607454,Snowy,Dry,False,True,Turning,1.0,10.0
True,1.0,0.20600589165801325,0.0,1.0,1.0,Snowy,Wet,True,True,Banked,0.2148325082841337,2.443370165682674
True,1.0,0.11417841372614773,0.0,1.0,1.0,Rainy,Dry,False,True,Straight,0.056111119043165084,0.6038223808633016
True,1.0,0.12010420702365382,0.0,1.0,1.0,Foggy,Wet,False,True,Turning,0.15262022036153136,1.6484044072306268
True,1.0,0.47370004633059226,0.0,1.0,1.0,Clear,Dry,False,False,Curved,0.056123942901934655,0.7384788580386931
False,0.9466312557555274,0.7383359524449276,0.13554195366858268,0.7856206199541351,0.5982969381260506,Rainy,Dry,True,False,Curved,0.38338862518571376,6.918972503714276
False,0.5150125326958763,0.32451359810987607,0.24339500916422518,0.666769176555108,0.8989706656451739,Clear,Dry,False,False,Turning,0.2272788092026754,4.129576184053508
True,1.0,0.175802623488412,0.0,1.0,1.0,Clear,Dry,False,True,Turning,0.056547461374119964,0.6317492274823991
True,1.0,0.1436628317957933,0.0,1.0,1.0,Clear,Icy,False,True,Curved,0.10192155994886587,1.1168311989773172
False,0.7478071307485366,0.44132923078488845,0.02495172473985674,0.9118137108306803,0.658106676750402,Snowy,Icy,True,False,Straight,0.5455826552765847,9.226853105531692
True,1.0,0.32779176881070093,0.0,1.0,1.0,Foggy,Icy,False,True,Turning,0.23954788281524517,2.9189576563049036
False,0.6224392034376498,0.2699316529797427,0.9783707718901317,0.9125262805282432,0.8797881353703676,Clear,Wet,True,False,Banked,1.0,10.0
True,1.0,0.3591783177772504,0.0,1.0,1.0,Foggy,Dry,True,False,Curved,0.12306918967953696,1.5253837935907393
False,0.8776644061590811,0.38449089557420313,0.7325683825750826,0.9682596089851817,0.8652126826979878,Clear,Dry,False,True,Curved,0.31511906629492276,5.8415813258984555
False,0.8085120358415094,0.4707173658663319,0.18263155535359865,0.8207763978299123,0.6765611220740015,Foggy,Wet,False,False,Curved,0.42888821720098735,7.497764344019747
True,1.0,0.3606182708311638,0.0,1.0,1.0,Clear,Dry,True,False,Turning,0.07119650765259855,0.8831301530519708
False,0.9135806213767893,0.6668173839125779,0.5400498982575206,0.5559733785028194,0.5185276908107594,Foggy,Icy,True,True,Banked,1.0,10.0
True,1.0,0.4221692783530565,0.0,1.0,1.0,Clear,Dry,True,False,Straight,0.05210465694852953,0.6676931389705905
False,0.7780012988595659,1.2285128253880935,0.9083009211768563,0.7568475666435976,0.7106505078334424,Snowy,Icy,False,False,Banked,1.0,10.0
False,0.6559807749695573,0.5364632750356665,0.5111718457132685,0.6153606378969625,0.9104321884265139,Rainy,Wet,False,True,Straight,0.6738366042945562,10.0
False,0.8098556132851942,0.9374299099282797,0.08575403271006954,0.6503877678648088,0.5251759529250262,Clear,Icy,True,True,Turning,1.0,10.0
True,1.0,0.21144099694589508,0.0,1.0,1.0,Rainy,Wet,True,True,Banked,0.1438257771361195,1.6409955427223897
True,1.0,0.3016678725413094,0.0,1.0,1.0,Foggy,Icy,False,False,Turning,0.19527140651418992,2.345428130283798
False,0.5937458282263361,1.1287406691341686,0.009728343547676044,0.532959032795843,0.5832498528037289,Clear,Dry,False,False,Banked,0.7781317924424391,10.0
False,0.5007450464317547,0.4705785214138869,0.21780400724692894,0.5304797516041293,0.5090868530740729,Snowy,Icy,True,True,Banked,1.0,10.0
True,1.0,0.3374974790550169,0.0,1.0,1.0,Snowy,Dry,False,False,Turning,0.12077393164349501,1.4794786328699
True,1.0,0.2624775165269411,0.0,1.0,1.0,Clear,Dry,True,True,Banked,0.06655879072906815,0.7820558145813628
True,1.0,0.15554548706266577,0.0,1.0,1.0,Clear,Dry,True,False,Curved,0.055695450667500736,0.6147090133500146
False,0.5044531916893162,1.2337037202192234,0.3368384040907142,0.7716633341796397,0.9213226137718367,Snowy,Dry,False,False,Straight,1.0,10.0
False,0.6224719250225665,0.2658608565477651,0.9213593572134169,0.9079678238971438,0.9862204178776087,Clear,Icy,False,False,Banked,1.0,10.0
True,1.0,0.45612744717830733,0.0,1.0,1.0,Foggy,Icy,True,True,Turning,0.3496978620745034,4.560357241490067
False,0.5462334590485424,0.9853677751264329,0.6457617757423223,0.8471514406023096,0.6648630444006938,Rainy,Wet,True,True,Straight,1.0,10.0
True,1.0,0.35436878877810907,0.0,1.0,1.0,Rainy,Icy,False,True,Straight,0.13575049149902935,1.678209829980587
True,1.0,0.2110936355974464,0.0,1.0,1.0,Clear,Dry,False,True,Banked,0.04915795417719833,0.5607590835439664
False,0.6416917762980039,1.3577420042102764,0.27333824234627324,0.7022109867332221,0.7208083761791506,Snowy,Dry,False,False,Turning,1.0,10.0
True,1.0,0.4240453247406457,0.0,1.0,1.0,Clear,Dry,True,True,Banked,0.07655341056085431,0.9819482112170861
False,0.7982317541630659,1.1971752865290772,0.968145981439416,0.5746459065413937,0.9453414581383841,Clear,Icy,True,True,Curved,1.0,10.0
False,0.8444135871706965,1.3762848531955938,0.4675689878121131,0.894834313216592,0.6792555028094853,Rainy,Dry,False,True,Turning,1.0,10.0
False,0.9978728870095082,0.22261589848211136,0.2946592426835739,0.579735180809181,0.5473506226855902,Rainy,Wet,False,True,Curved,0.5451239536372412,9.865679072744825
False,0.969134055336726,1.0168443242437855,0.7863017814721663,0.9872764174914508,0.6729757844077826,Rainy,Icy,False,True,Straight,1.0,10.0
True,1.0,0.2858593064594717,0.0,1.0,1.0,Clear,Wet,False,True,Straight,0.06404529591479702,0.7625059182959404
False,0.5117658155179847,0.31082895968945967,0.5615576002173345,0.7611857956026653,0.7291406172762287,Rainy,Dry,True,False,Turning,0.8216542210418163,10.0
False,0.5343218905882816,0.31644268753097565,0.029365067592739713,0.9522247138041703,0.9732519482536302,Clear,Dry,True,True,Curved,0.15795528949956994,2.5600657899913988
False,0.6121941803236316,1.25936575013008,0.8912054876276341,0.9567232019214097,0.8769597011005461,Foggy,Dry,False,False,Turning,1.0,10.0
True,1.0,0.49138776194991474,0.0,1.0,1.0,Foggy,Wet,True,False,Curved,0.20880174962693854,2.7720349925387704
True,1.0,0.3488156917336958,0.0,1.0,1.0,Snowy,Dry,False,False,Straight,0.08443478537888016,1.0406957075776033
True,1.0,0.48561555067267714,0.0,1.0,1.0,Foggy,Dry,True,False,Turning,0.14994315035178563,1.9848630070357125
False,0.779167134169871,0.7484124728142947,0.49116903542856205,0.7049161550952421,0.5845384641110223,Foggy,Wet,True,False,Curved,1.0,10.0
False,0.726531598668045,0.20493135200593116,0.3919846180625558,0.7091527719184472,0.9046199112662183,Foggy,Dry,True,False,Curved,0.3825597690280117,6.715195380560234
False,0.9917825388781294,1.443310467932948,0.6214011600563009,0.72096489699138,0.9988948941557473,Foggy,Icy,False,True,Curved,1.0,10.0
False,0.9149346652646347,1.0611089014078436,0.578181095869016,0.8195559725451972,0.6808028109932123,Snowy,Icy,False,False,Turning,1.0,10.0
False,0.9867771571337224,0.363220293118667,0.3132070069320083,0.6359376155275667,0.6047374468579871,Clear,Wet,True,False,Turning,0.4106923085986502,7.402646171973004
True,1.0,0.16032635595464897,0.0,1.0,1.0,Clear,Wet,False,False,Curved,0.06449331923788684,0.7138663847577368
True,1.0,0.24276688175433248,0.0,1.0,1.0,Foggy,Icy,False,False,Banked,0.15748869253165043,1.8297738506330086
True,1.0,0.4065659735313797,0.0,1.0,1.0,Rainy,Dry,False,False,Banked,0.07243235356026567,0.9206470712053135
True,1.0,0.2854397244723965,0.0,1.0,1.0,Clear,Icy,False,True,Straight,0.08536422776956176,1.0160845553912352
True,1.0,0.23494526945700708,0.0,1.0,1.0,Clear,Icy,False,True,Banked,0.1001695791814546,1.1585915836290916
False,0.7684201710790362,1.490994150390456,0.40515160754077406,0.9330856717159282,0.5091432718460138,Foggy,Icy,True,True,Banked,1.0,10.0
True,1.0,0.42607101463723973,0.0,1.0,1.0,Clear,Dry,True,True,Straight,0.06275275266663541,0.805775053332708
True,1.0,0.19885382313486888,0.0,1.0,1.0,Foggy,Wet,True,False,Straight,0.12139297091165505,1.3748594182331009
False,0.5020956427745358,1.4297585115703395,0.4966712604632796,0.5502400573847068,0.8649903932283074,Clear,Dry,False,True,Banked,1.0,10.0
True,1.0,0.49980100601573996,0.0,1.0,1.0,Snowy,Dry,True,True,Curved,0.20213577619653322,2.6948755239306643
True,1.0,0.423035091984339,0.0,1.0,1.0,Rainy,Dry,False,True,Straight,0.07220290969672823,0.9256581939345646
True,1.0,0.19628074499052112,0.0,1.0,1.0,Clear,Dry,True,False,Turning,0.06222198505414436,0.703639701082887
True,1.0,0.4122697137272805,0.0,1.0,1.0,Snowy,Icy,True,False,Turning,0.3355979001475335,4.27835800295067
True,1.0,0.3887034163097344,0.0,1.0,1.0,Clear,Icy,False,True,Banked,0.11402896567827363,1.4357793135654722
False,0.960632249748057,1.01729221237171,0.07704131458724306,0.9791022071151044,0.6703630582371982,Foggy,Dry,False,False,Banked,0.35243039980196667,6.388607996039333
False,0.961311989152684,0.9255452214705191,0.6759957139732564,0.9185604879395686,0.7612931197310886,Foggy,Icy,True,True,Straight,1.0,10.0
True,1.0,0.2871793035028908,0.0,1.0,1.0,Clear,Wet,True,False,Straight,0.069457917599282,0.82755835198564
False,0.9879739799901454,0.4010173422747256,0.8937572777480081,0.8384230531592738,0.9395576333931389,Snowy,Dry,False,True,Straight,1.0,10.0
True,1.0,0.294065863903904,0.0,1.0,1.0,Snowy,Wet,False,False,Straight,0.12090212527857475,1.4460425055714945
True,1.0,0.172824471587744,0.0,1.0,1.0,Rainy,Dry,False,False,Straight,0.04882549339763851,0.5445098679527701
False,0.9335657915855966,0.8506516869434801,0.014730477107438689,0.8256659219298257,0.8345648380671686,Foggy,Icy,True,False,Banked,0.6254122796133644,10.0
True,1.0,0.16490770569526514,0.0,1.0,1.0,Foggy,Dry,True,True,Turning,0.13670964979619593,1.517392995923918
False,0.9234579669531171,0.5374560782159419,0.6663817947518811,0.5099615506415573,0.900423509785846,Clear,Wet,True,False,Turning,0.8936089549613045,10.0
False,0.8484907289913588,1.4214839580708252,0.9433219070884403,0.5447213438222336,0.52745935594961,Foggy,Dry,False,True,Curved,1.0,10.0
True,1.0,0.1017647280703268,0.0,1.0,1.0,Clear,Wet,False,True,Turning,0.08032982878839104,0.8577965757678206
False,0.9463940180158983,0.4035029699406779,0.8485346228769518,0.8514081379326344,0.8474190723616861,Clear,Dry,True,False,Straight,0.49522008602188944,9.53000172043779
True,1.0,0.18815625913019504,0.0,1.0,1.0,Rainy,Icy,True,False,Banked,0.1569699146206749,1.7665982924134975
True,1.0,0.2265571291987647,0.0,1.0,1.0,Clear,Wet,True,False,Straight,0.06615137744420148,0.7614275488840294
True,1.0,0.2508227958568071,0.0,1.0,1.0,Rainy,Dry,True,True,Banked,0.09890670402102317,1.1544540804204635
True,1.0,0.19243535896464167,0.0,1.0,1.0,Foggy,Icy,False,False,Turning,0.17895864774586878,2.019172954917375
True,1.0,0.23034065370880358,0.0,1.0,1.0,Foggy,Dry,False,True,Straight,0.0765559677750816,0.8831193555016319
True,1.0,0.29623358996380666,0.0,1.0,1.0,Clear,Wet,False,False,Banked,0.06579349559821887,0.7878699119643773
False,0.6604758081751316,1.1943938828163767,0.8642273702559403,0.5684078691378558,0.8852142061157525,Snowy,Dry,False,False,Curved,1.0,10.0
True,1.0,0.33691013268266917,0.0,1.0,1.0,Snowy,Wet,False,True,Curved,0.20056919637522147,2.456183927504429
False,0.5773822381212582,1.310306506757101,0.6394918117345455,0.8812136153558142,0.9060490898734254,Snowy,Icy,True,False,Banked,1.0,10.0
True,1.0,0.21825432117810217,0.0,1.0,1.0,Snowy,Dry,True,False,Straight,0.09858429959065079,1.1292859918130156
False,0.7342819092472882,0.24768200565527343,0.06465785534339352,0.5508728102867173,0.730346281839811,Foggy,Wet,False,False,Turning,0.5071646888322314,8.97329377664463
False,0.9027544828637482,1.1811083081963683,0.480684343960573,0.9974539639101079,0.8763192416350549,Clear,Icy,False,True,Banked,0.96971850216032,10.0
False,0.6590250853705988,1.472310172742249,0.5300762803550492,0.8881583444241896,0.9443336369182933,Snowy,Icy,True,True,Straight,1.0,10.0
True,1.0,0.2533290566498355,0.0,1.0,1.0,Foggy,Dry,False,False,Turning,0.09384994542793086,1.0969989085586171
False,0.8426255938711662,0.723674637642836,0.14750057379531067,0.7254341251624244,0.7775002662695736,Rainy,Icy,True,False,Banked,0.6546776057610785,10.0
False,0.5680533722426205,0.778915419045936,0.8923679916355531,0.8415963210421593,0.5719084198707147,Foggy,Dry,False,False,Turning,1.0,10.0
False,0.7379439972995555,1.099117120205403,0.35813453498290515,0.5626901731561427,0.946558242771826,Clear,Icy,True,False,Curved,1.0,10.0
True,1.0,0.4189324416614957,0.0,1.0,1.0,Snowy,Icy,False,True,Turning,0.31169189880961257,3.9874379761922514
False,0.8900860487316411,1.2106470086120975,0.2597082406731429,0.6734265677191569,0.5126996736500566,Snowy,Icy,True,True,Straight,1.0,10.0
False,0.7980905952071935,0.7841836441888181,0.951544733772966,0.8882558308870887,0.6571353010529728,Rainy,Wet,True,False,Straight,1.0,10.0
False,0.7499057267259059,0.6407012063826656,0.25469105063963837,0.7181670958196311,0.5384872205059845,Foggy,Wet,False,True,Turning,1.0,10.0
False,0.6050289454322807,0.7231735622469553,0.8372933501767956,0.7277208333039384,0.6031210242966651,Clear,Dry,False,True,Curved,1.0,10.0
False,0.5516437221557529,1.1900497458690005,0.8359166120349507,0.9150661467425216,0.8256244133673878,Clear,Icy,True,True,Curved,1.0,10.0
False,0.5821908379242053,1.2132691560900688,0.15761462313523944,0.9415204396217887,0.6859744567946346,Snowy,Wet,True,False,Straight,1.0,10.0
False,0.5878607106953746,0.33463496332026565,0.4248312335860275,0.7892924212212251,0.603665171505936,Foggy,Wet,False,True,Straight,0.7765899346108124,10.0
True,1.0,0.1382621437218306,0.0,1.0,1.0,Rainy,Dry,True,True,Turning,0.10722768653805607,1.1711137307611215
True,1.0,0.1242200089165654,0.0,1.0,1.0,Foggy,Dry,False,False,Turning,0.08504266725660245,0.9208533451320489
True,1.0,0.4224893718892103,0.0,1.0,1.0,Clear,Dry,False,False,Straight,0.04009241196603601,0.5138482393207201
False,0.8426254429324728,1.4237709890512196,0.2912052987761983,0.5991422541762835,0.5923748255270302,Clear,Wet,True,False,Straight,1.0,10.0
True,1.0,0.4411246154103651,0.0,1.0,1.0,Snowy,Dry,False,False,Turning,0.13259350632124836,1.7158701264249672
True,1.0,0.46635191606046866,0.0,1.0,1.0,Snowy,Dry,False,False,Turning,0.13582959440595593,1.7805918881191185
False,0.6300547795774996,0.40315588671914726,0.3497940496786104,0.8642637901483035,0.9088118299344208,Clear,Icy,True,True,Turning,0.5516260097896484,9.734600195792968
False,0.8503571680113811,1.4886984265263663,0.49325628712909186,0.7704590702845864,0.5435033185782481,Foggy,Dry,True,True,Curved,1.0,10.0
False,0.987470104442552,0.9321759176420825,0.4292379622124112,0.5627193221093907,0.715223542297357,Clear,Wet,True,False,Straight,0.6540212890500141,10.0
False,0.9315063177280294,0.9188541966518584,0.30372239914460264,0.988615245392207,0.7940560523020177,Snowy,Wet,False,False,Curved,0.6569986269910394,10.0
True,1.0,0.3022661979769542,0.0,1.0,1.0,Foggy,Icy,False,True,Turning,0.2344427447281789,2.816854894563577
False,0.8767686762391897,1.3004337871994713,0.02170039839778959,0.5222974253655981,0.5051147813540224,Snowy,Wet,True,False,Turning,1.0,10.0
True,1.0,0.408658892148001,0.0,1.0,1.0,Clear,Icy,True,True,Curved,0.16467078781052522,2.0953357562105044
False,0.7711069493458507,1.388030660487512,0.5847815813509416,0.5866763625247489,0.5784387266207334,Foggy,Wet,True,True,Banked,1.0,10.0
True,1.0,0.197871405951741,0.0,1.0,1.0,Rainy,Dry,True,True,Straight,0.0776328854631185,0.8787377092623699
False,0.9267535059654171,0.2771934423415268,0.6181917778010385,0.8646927037322598,0.994655290013718,Clear,Dry,True,False,Banked,0.18444870493669244,3.2313740987338484
False,0.8475713013983062,0.47059662275698866,0.19364104237446933,0.887882419845474,0.5963740530429298,Foggy,Wet,True,True,Turning,0.7349152772905164,10.0
False,0.5661313496799858,1.2553994409637506,0.02665229400112934,0.7821653215088735,0.8702094612209715,Rainy,Wet,True,False,Curved,1.0,10.0
True,1.0,0.16467691922099537,0.0,1.0,1.0,Rainy,Dry,True,False,Banked,0.07710493548867207,0.8556987097734414
True,1.0,0.4805515380395705,0.0,1.0,1.0,Clear,Wet,False,False,Banked,0.07768906713312027,1.0257813426624052
True,1.0,0.13010158384180698,0.0,1.0,1.0,Clear,Dry,True,False,Turning,0.05921606963200726,0.643521392640145
True,1.0,0.46256577675011,0.0,1.0,1.0,Snowy,Wet,False,False,Curved,0.18738537407318048,2.4517074814636097
False,0.670948913775884,1.4817787784030945,0.09778891195324702,0.5662195428491066,0.6977616080877875,Snowy,Dry,False,True,Curved,1.0,10.0
False,0.61605956674571,0.7210169551263861,0.9441541166868224,0.9274854509189376,0.6370347383374443,Clear,Icy,True,True,Turning,1.0,10.0
True,1.0,0.45891964109452443,0.0,1.0,1.0,Foggy,Dry,False,False,Turning,0.11238325552794622,1.467665110558924
False,0.9043257749321034,0.49713921721566173,0.004509468161179808,0.7965457445321202,0.829922384552012,Rainy,Icy,True,False,Straight,0.28229127948909666,4.522625589781933
True,1.0,0.16648613722667255,0.0,1.0,1.0,Foggy,Wet,True,False,Straight,0.11844646269481533,1.3159292538963063
False,0.5049665470339173,0.3223132927132958,0.2098837324961672,0.8859465239181146,0.5501837565820168,Clear,Dry,False,True,Banked,0.2766409779526269,5.110419559052537
False,0.9586626983854163,0.7992941307203816,0.1396575589547181,0.7330688819492781,0.9869123776512213,Clear,Wet,True,True,Turning,0.3492240421405965,6.01104084281193
True,1.0,0.3006873504676109,0.0,1.0,1.0,Foggy,Icy,False,True,Curved,0.2161237939923854,2.594475879847708
True,1.0,0.39438150801560556,0.0,1.0,1.0,Rainy,Icy,False,False,Straight,0.11721945765160853,1.4803891530321704
False,0.7463546530680631,0.696864960926542,0.5745811104645897,0.9808212079441905,0.9403138057681849,Clear,Wet,False,False,Straight,0.27552547354358786,5.078509470871757
False,0.9363035396393806,1.4255828356318752,0.16592915609697478,0.7336349737510519,0.7714508535918301,Rainy,Icy,False,False,Straight,1.0,10.0
False,0.8676204440269311,0.8895262498388965,0.8295423294515707,0.7707429348371783,0.9863302624778357,Foggy,Wet,False,True,Banked,1.0,10.0
False,0.8942680551555048,0.2233863008138007,0.5079153795996717,0.6989492903733813,0.5626646453829934,Foggy,Icy,False,False,Curved,0.977668102013668,10.0
False,0.5400765492980764,0.9612829045156177,0.16877300706095355,0.5795119895510878,0.5917834522931888,Rainy,Wet,False,True,Banked,1.0,10.0
False,0.5840013241653627,1.3477998799496456,0.2998757321180562,0.5860516673046001,0.7055945775982102,Foggy,Dry,True,True,Banked,1.0,10.0
True,1.0,0.1982735512317959,0.0,1.0,1.0,Foggy,Dry,True,True,Curved,0.12942811460843331,1.4653622921686662
True,1.0,0.34219381422449846,0.0,1.0,1.0,Foggy,Dry,False,True,Straight,0.08395187484241605,1.031037496848321
True,1.0,0.2639637362912355,0.0,1.0,1.0,Snowy,Wet,True,False,Straight,0.15334501548626048,1.8033003097252094
False,0.5971026539247912,0.28677930176539906,0.8359538710492873,0.8235079535817285,0.5093815278901772,Clear,Wet,False,True,Banked,1.0,10.0
True,1.0,0.19824412873606542,0.0,1.0,1.0,Rainy,Icy,True,True,Straight,0.1553102271040253,1.758364542080506
False,0.9181769619274153,0.3217399911053221,0.9496377080074417,0.6110963910159524,0.9260889850772508,Rainy,Icy,True,True,Curved,1.0,10.0
False,0.8295379170673782,0.6164820352194198,0.2809866026061272,0.5554486398528102,0.8425436718328383,Clear,Wet,True,True,Turning,0.5920733445412207,10.0
False,0.6406900965362363,1.1213250002521131,0.71322822525645,0.6769942902413135,0.5073626845048476,Snowy,Dry,False,False,Curved,1.0,10.0
False,0.7118296254058618,0.7781007615775695,0.4256107185709087,0.5733065674356732,0.6114656987536575,Foggy,Dry,False,True,Curved,1.0,10.0
True,1.0,0.35716564934508976,0.0,1.0,1.0,Clear,Dry,True,False,Straight,0.04914098002726038,0.6084196005452076
True,1.0,0.47547649502769007,0.0,1.0,1.0,Foggy,Wet,True,False,Banked,0.1884290590338556,2.4815811806771113
True,1.0,0.46615727468987045,0.0,1.0,1.0,Clear,Wet,False,False,Banked,0.07660739690966224,1.0041479381932445
False,0.7616794495359519,0.8195914271200337,0.4202232650987475,0.9592932080926443,0.5158230380043008,Rainy,Wet,True,False,Turning,1.0,10.0
False,0.9399997533431905,1.2515075936190774,0.47338146960581684,0.9291739998019519,0.5500433873817214,Rainy,Wet,False,True,Straight,1.0,10.0
True,1.0,0.21991189330021507,0.0,1.0,1.0,Snowy,Dry,True,False,Curved,0.13161594043269487,1.5091188086538971
False,0.6538262265421775,1.2029443155788988,0.07776941186623598,0.7481051279910589,0.609512147563205,Rainy,Dry,True,False,Curved,1.0,10.0
False,0.7243176310147069,1.1891121446837725,0.010780268650560032,0.6794677074035498,0.6467109500345247,Foggy,Wet,False,True,Turning,1.0,10.0
False,0.7797059549682586,0.25390116993439316,0.6882144098550862,0.5864783011297137,0.7578588479529076,Foggy,Icy,True,False,Curved,1.0,10.0
True,1.0,0.30034392438649216,0.0,1.0,1.0,Foggy,Dry,True,True,Banked,0.12873689646511308,1.5451379293022616
True,1.0,0.13654810008649476,0.0,1.0,1.0,Foggy,Icy,False,False,Banked,0.14521964435456858,1.584392887091371
True,1.0,0.29078223566302813,0.0,1.0,1.0,Foggy,Dry,False,True,Straight,0.08038254387810445,0.9596508775620888
False,0.9232149856073535,1.0256183127592113,0.7370392016609254,0.6468000084986127,0.7278053481325091,Clear,Wet,False,True,Banked,1.0,10.0
False,0.8638707227080185,0.3070607111223181,0.7524418268454988,0.9216206731342718,0.9815094316606935,Foggy,Wet,True,False,Straight,0.6844292762881272,10.0
True,1.0,0.37177463733207916,0.0,1.0,1.0,Foggy,Wet,False,False,Turning,0.15555402830600634,1.9410805661201267
False,0.9411340232715264,0.31326629650076754,0.3727670074736805,0.7587645975744158,0.8044643833162388,Snowy,Dry,False,True,Banked,0.333388151781575,5.7173630356315
True,1.0,0.33074586940742523,0.0,1.0,1.0,Clear,Dry,True,False,Turning,0.06937756119697318,0.8467512239394634
False,0.8249060393916727,1.28891630791671,0.3850587458940883,0.6450279689442106,0.6180939464395527,Clear,Dry,False,False,Straight,1.0,10.0
True,1.0,0.38235515727990466,0.0,1.0,1.0,Snowy,Wet,True,False,Straight,0.16958875731820355,2.128175146364071
True,1.0,0.2585432186217516,0.0,1.0,1.0,Snowy,Wet,False,True,Curved,0.18790827316679984,2.2029654633359965
False,0.8504215210357996,1.3539632251575038,0.12024277111883186,0.9665079792426501,0.591518196221052,Snowy,Icy,True,True,Turning,1.0,10.0
True,1.0,0.34572334592385495,0.0,1.0,1.0,Rainy,Wet,False,False,Banked,0.10292159993055099,1.2664319986110195
False,0.8381263896740776,1.250839613187217,0.046690831983170034,0.7353640971758584,0.6026230997318072,Snowy,Icy,False,False,Curved,1.0,10.0
False,0.5120351975481621,1.2969850041671573,0.7988199665714567,0.8188402329484106,0.9240802639048817,Snowy,Dry,False,True,Turning,1.0,10.0
False,0.529341352218247,1.0422852055235348,0.5610344292416233,0.8824971195316269,0.8824211659943666,Foggy,Icy,True,True,Straight,1.0,10.0
False,0.6029663726196401,1.2906166663732372,0.7625366007516394,0.7011095723621772,0.5814296475718932,Snowy,Icy,False,True,Turning,1.0,10.0
True,1.0,0.2962152246236742,0.0,1.0,1.0,Clear,Wet,True,True,Straight,0.08397514411859713,1.0055828823719426
False,0.5452185103950692,1.1587990536447328,0.9220549762701675,0.7669467308479869,0.9111792662384306,Rainy,Wet,False,True,Curved,1.0,10.0
False,0.5788675361506903,0.4681208866339347,0.6954560398411631,0.7677811186275006,0.9768403271767068,Foggy,Icy,False,True,Turning,1.0,10.0
True,1.0,0.14518188918315464,0.0,1.0,1.0,Rainy,Dry,True,False,Banked,0.07599544114296161,0.8335088228592321
False,0.7994071996943363,0.28256222234673267,0.3399785818124266,0.7693041132360294,0.594925459481745,Foggy,Icy,False,False,Straight,0.5510379973858048,9.940759947716097
False,0.8293444767085824,0.5189649496617912,0.05430349482130059,0.5733490429178252,0.9357826325809129,Foggy,Wet,True,False,Curved,0.5101442892256224,8.798885784512448
True,1.0,0.2545458514512112,0.0,1.0,1.0,Clear,Wet,True,False,Turning,0.09769930120814349,1.1427860241628698
False,0.9415140958324069,0.8860151190598895,0.8636974450618419,0.8793117363115116,0.9605692887745985,Snowy,Icy,False,True,Straight,1.0,10.0
False,0.500736349074964,1.4213271028056649,0.7747106704591314,0.5572188216297105,0.5271996071074745,Clear,Wet,False,True,Straight,1.0,10.0
True,1.0,0.1814348340960974,0.0,1.0,1.0,Rainy,Wet,False,True,Turning,0.1277752547668007,1.4323050953360144
False,0.5751113203491722,0.4152857227685284,0.9458691806690327,0.7751338935414449,0.8256409945715918,Clear,Icy,True,False,Curved,1.0,10.0
False,0.5736525823039567,0.8599350628085614,0.5794536245311858,0.6694395316817219,0.7824734493488472,Foggy,Wet,False,True,Straight,1.0,10.0
False,0.769918449231171,0.7498770543797089,0.5923363170431775,0.5561666366429341,0.7999203983119066,Snowy,Icy,False,True,Straight,1.0,10.0
False,0.5662158504707961,0.9247101012097425,0.5303837741424804,0.9203359597054983,0.6200538710687326,Snowy,Dry,True,False,Turning,1.0,10.0
True,1.0,0.3690071341435759,0.0,1.0,1.0,Clear,Wet,True,True,Turning,0.12910426264221572,1.6086452528443143
False,0.8151070350816874,0.4390445503182898,0.2530817637891164,0.9991599117290999,0.8402334035237142,Foggy,Wet,False,True,Banked,0.3286153934453815,5.38430786890763
False,0.9052532265406994,1.409580327980776,0.14260417445195162,0.5811531456471586,0.9384526400787196,Snowy,Dry,True,True,Straight,1.0,10.0
True,1.0,0.28341173936197717,0.0,1.0,1.0,Rainy,Wet,True,True,Curved,0.16618276416210984,1.9758152832421971
False,0.9114590354873329,1.4048983604869303,0.05879876948837626,0.8050224348035548,0.8245126000085661,Rainy,Dry,True,False,Turning,1.0,10.0
False,0.659122538316837,1.2978001519613835,0.8913972727187409,0.6541693435684913,0.6759652881132804,Snowy,Dry,True,False,Curved,1.0,10.0
False,0.8948864242703345,1.2125498013505305,0.2783813527201836,0.5081341675329852,0.6215357850257455,Rainy,Icy,False,False,Straight,1.0,10.0
False,0.9371391524257124,0.9409422195501644,0.9980775825561059,0.6243848410165711,0.6847193400429383,Snowy,Icy,False,True,Straight,1.0,10.0
True,1.0,0.27115501176846135,0.0,1.0,1.0,Snowy,Wet,True,True,Curved,0.24678783972292126,2.913996794458425
True,1.0,0.1517391066933668,0.0,1.0,1.0,Snowy,Wet,False,False,Banked,0.13217026532821957,1.455405306564391
True,1.0,0.48052634375265924,0.0,1.0,1.0,Foggy,Icy,False,True,Curved,0.2542488453837143,3.356976907674285
False,0.7818377711619533,0.36745412807467215,0.38383165312523304,0.6990775692189911,0.9832491928849552,Rainy,Icy,False,True,Curved,0.5529224001540428,9.676048003080856
True,1.0,0.33519508217219457,0.0,1.0,1.0,Snowy,Dry,True,False,Turning,0.15669576699622262,1.9171153399244523
False,0.8550577815451927,0.7862217515274104,0.18729105869061446,0.9581822670287972,0.7169141695363719,Rainy,Dry,False,False,Turning,0.2747051141558719,4.870102283117438
True,1.0,0.30930292590715625,0.0,1.0,1.0,Foggy,Dry,True,False,Curved,0.11791412194992296,1.422282438998459
True,1.0,0.3412490145202881,0.0,1.0,1.0,Foggy,Icy,True,True,Banked,0.26656288009293616,3.2720576018587235
False,0.5049217642446271,0.2057447363871802,0.06649852014774726,0.6487454215052364,0.8261857218253937,Rainy,Icy,True,True,Curved,0.8244366762896457,10.0
True,1.0,0.44116282771156945,0.0,1.0,1.0,Snowy,Wet,True,True,Banked,0.26254461712860433,3.397612342572086
True,1.0,0.1066730713967241,0.0,1.0,1.0,Foggy,Icy,True,True,Banked,0.22168522954597109,2.3745045909194213
True,1.0,0.3365746903803871,0.0,1.0,1.0,Snowy,Wet,True,False,Curved,0.21722064829638957,2.659612965927791
True,1.0,0.3969131314334402,0.0,1.0,1.0,Snowy,Icy,False,False,Banked,0.21539554750457388,2.7239109500914767
True,1.0,0.3074360793311937,0.0,1.0,1.0,Rainy,Wet,True,False,Curved,0.14127544618783544,1.7023089237567084
False,0.7140535734915405,1.425132222775515,0.10230490283955074,0.9716386059709592,0.7793496582871082,Rainy,Wet,True,True,Turning,1.0,10.0
True,1.0,0.45173870028350904,0.0,1.0,1.0,Snowy,Dry,True,False,Turning,0.17411689246694864,2.2655378493389726
False,0.8078435078579604,0.7317521902222577,0.9364472964867373,0.7153067163075169,0.66660276419733,Clear,Wet,False,True,Straight,1.0,10.0
True,1.0,0.4181610761266247,0.0,1.0,1.0,Snowy,Dry,False,True,Banked,0.13177562468318627,1.6851124936637252
False,0.6127691602869523,0.2943053867939338,0.19417116405190427,0.8302380763689905,0.6578742707163849,Foggy,Wet,False,True,Curved,0.5978244697066997,10.0
False,0.7479340404139805,1.0350726628335247,0.07327458632237493,0.9952896720568896,0.6748059282530467,Snowy,Dry,True,True,Turning,1.0,10.0
True,1.0,0.3780039171383558,0.0,1.0,1.0,Rainy,Wet,True,True,Straight,0.13514485684590227,1.6920171369180457
True,1.0,0.28384873879049655,0.0,1.0,1.0,Clear,Icy,True,False,Curved,0.12314257673100523,1.4644515346201046
False,0.9233143271824492,0.5725945064048112,0.6089337170130418,0.8898653621633857,0.7466911503346708,Rainy,Wet,True,False,Banked,0.6941045227273519,10.0
False,0.9932225386265252,1.3999064800089955,0.8848549873019625,0.8459141099339004,0.7352180161086427,Clear,Wet,False,True,Curved,1.0,10.0
False,0.5449142101530777,1.1035994754028318,0.9610136125788833,0.5832293512816652,0.7691064499061163,Foggy,Dry,True,False,Straight,1.0,10.0
True,1.0,0.48864021377501854,0.0,1.0,1.0,Foggy,Dry,False,False,Turning,0.11568583366035957,1.5337166732071916
False,0.6731583645366468,1.1645839013365644,0.7289197574303008,0.9038802500644184,0.6604804728001263,Clear,Icy,True,False,Straight,1.0,10.0
True,1.0,0.3409109373879595,0.0,1.0,1.0,Snowy,Wet,False,False,Banked,0.1537414213869133,1.8868284277382659
True,1.0,0.12023136998729839,0.0,1.0,1.0,Clear,Wet,True,False,Turning,0.0881886987087682,0.9525739741753642
False,0.9463942248812252,0.3523985669124805,0.27629142988258626,0.509187493452657,0.8805697532320192,Clear,Icy,True,True,Banked,0.46743383541846945,8.250436708369389
False,0.6968281223213131,0.40841423345606187,0.9397716428221435,0.8656924740966617,0.6192737017338779,Rainy,Dry,True,True,Curved,1.0,10.0
False,0.7670891007054035,0.21618184668583632,0.3917421424515243,0.5787239209118504,0.8489072596205254,Foggy,Icy,False,False,Straight,0.5504860030454807,9.929720060909613
True,1.0,0.3889499641559422,0.0,1.0,1.0,Clear,Wet,False,False,Curved,0.07776427452645053,0.9792854905290106
True,1.0,0.4730162357982203,0.0,1.0,1.0,Foggy,Icy,False,True,Curved,0.25238957911030124,3.3197915822060247
False,0.7436910049713086,0.8572658630891481,0.964954544641965,0.7791945766023096,0.9962001031965808,Snowy,Wet,False,True,Straight,1.0,10.0
True,1.0,0.31634055626122853,0.0,1.0,1.0,Clear,Icy,True,True,Straight,0.11387059066099613,1.3788518132199223
True,1.0,0.4243027490073371,0.0,1.0,1.0,Foggy,Dry,True,True,Curved,0.15662399419959955,2.0092798839919905
False,0.7804386058712218,0.6457832911008012,0.8003424957345477,0.6204844124111187,0.8290697973940703,Snowy,Dry,True,False,Banked,1.0,10.0
False,0.8993601936241394,1.0739064841279766,0.15893221755877174,0.5090447303412089,0.6129451453708845,Clear,Icy,False,True,Banked,1.0,10.0
False,0.6816792328326706,0.5620706892396929,0.48024769668586176,0.8491119591838865,0.8949796671297593,Snowy,Icy,True,False,Turning,1.0,10.0
True,1.0,0.21571018216133564,0.0,1.0,1.0,Rainy,Icy,True,True,Turning,0.22738792750958786,2.600878550191757
False,0.938199612470985,0.8316928561410191,0.3874859362676901,0.7040870306352918,0.9363898054042652,Clear,Icy,False,True,Banked,0.5004661692686522,9.164523385373045
False,0.6160445771225656,0.21769226252457685,0.7490403010276504,0.5368362208450702,0.7673102852002042,Rainy,Dry,False,False,Straight,0.7935125307892309,10.0
True,1.0,0.18643273087397075,0.0,1.0,1.0,Clear,Dry,False,False,Turning,0.04750422872634252,0.5340845745268503
True,1.0,0.2573482907906295,0.0,1.0,1.0,Snowy,Icy,False,True,Banked,0.22944482181689177,2.688096436337835
True,1.0,0.24838582886462449,0.0,1.0,1.0,Clear,Wet,False,True,Turning,0.08974011527698772,1.0460023055397543
True,1.0,0.34953772290056545,0.0,1.0,1.0,Rainy,Icy,True,False,Banked,0.17898891958384683,2.2069783916769365
True,1.0,0.12348090352265265,0.0,1.0,1.0,Clear,Dry,True,True,Straight,0.048958274659946975,0.5298854931989395
True,1.0,0.10932219209763422,0.0,1.0,1.0,Rainy,Icy,True,True,Banked,0.17768601655671798,1.9063603311343593
False,0.784211849672686,1.1049479490272145,0.3666680919473261,0.928734057069249,0.7872390510487082,Foggy,Wet,True,True,Turning,1.0,10.0
True,1.0,0.1532191779108054,0.0,1.0,1.0,Rainy,Wet,True,True,Turning,0.1626277983823967,1.7923959676479335
False,0.9056601273765948,1.4759271764696675,0.590535848973835,0.5685310998702227,0.6595113846876843,Snowy,Wet,False,False,Banked,1.0,10.0
True,1.0,0.14974228905867917,0.0,1.0,1.0,Foggy,Icy,False,False,Curved,0.15996946231058176,1.759389246211635
False,0.7646962598389437,0.5684115905479307,0.8389676499759274,0.6414950667399506,0.6650856524636481,Clear,Icy,True,False,Banked,1.0,10.0
True,1.0,0.29732937996545733,0.0,1.0,1.0,Snowy,Dry,True,False,Curved,0.14008823130240014,1.6785646260480025
True,1.0,0.1938934980914219,0.0,1.0,1.0,Snowy,Dry,False,False,Turning,0.10749506245841155,1.2139012491682306
False,0.5152416804717665,0.21363050405109296,0.4489097361541743,0.8201734876418985,0.8788847156673646,Snowy,Dry,False,True,Banked,0.541452781339201,9.87865562678402
True,1.0,0.24638899118890722,0.0,1.0,1.0,Snowy,Dry,True,True,Banked,0.1478353322501232,1.7211866450024642
True,1.0,0.1271406186855408,0.0,1.0,1.0,Foggy,Dry,True,False,Curved,0.10226830359389942,1.1093660718779883
True,1.0,0.22641335553898437,0.0,1.0,1.0,Rainy,Icy,True,False,Turning,0.19108240578558397,2.199248115711679
True,1.0,0.171697095798433,0.0,1.0,1.0,Clear,Wet,False,True,Banked,0.07154994519651967,0.7973989039303933
False,0.7211688182024942,0.5449527716159726,0.7096551908208144,0.984314584226215,0.8659614613106008,Foggy,Dry,True,True,Banked,0.9060485157396934,10.0
True,1.0,0.22772716201150991,0.0,1.0,1.0,Foggy,Dry,True,False,Turning,0.11954982882482637,1.3769965764965273
False,0.9238062006179424,0.7260004546862646,0.21480807982150607,0.6650488614601763,0.9425873537475442,Snowy,Dry,True,False,Turning,0.5186064294266078,9.155328588532157
False,0.6979940367748536,1.441299250788914,0.3742553195853887,0.7343537101491393,0.8859983689551629,Rainy,Dry,False,False,Banked,1.0,10.0
False,0.6221803272349338,0.2077729228692047,0.6423890374620377,0.7818309746146521,0.5819712021407986,Rainy,Icy,False,False,Straight,0.9906601620122973,10.0
True,1.0,0.4401235455792538,0.0,1.0,1.0,Foggy,Wet,False,True,Curved,0.18341760418316433,2.3723520836632863
True,1.0,0.32620896398511967,0.0,1.0,1.0,Rainy,Icy,False,True,Curved,0.1766583605068281,2.150767210136562
True,1.0,0.2288640059234889,0.0,1.0,1.0,Snowy,Wet,False,True,Curved,0.18352088296380872,2.115217659276174
False,0.5826689505550864,0.8154170892684165,0.2367570893611718,0.9665260229599051,0.5797268272334127,Rainy,Wet,False,False,Curved,0.7597266189968954,10.0
True,1.0,0.3744042074154642,0.0,1.0,1.0,Foggy,Icy,True,True,Curved,0.2993614601439559,3.7408292028791186
True,1.0,0.26931193356766503,0.0,1.0,1.0,Clear,Icy,True,False,Straight,0.09126601863103022,1.076520372620604
True,1.0,0.18496712732770249,0.0,1.0,1.0,Rainy,Dry,True,False,Banked,0.07829462071984063,0.8794924143968126
False,0.6656997122611041,0.6174067580746339,0.08410370594453564,0.9213705631670691,0.8450217781294007,Foggy,Wet,True,True,Straight,0.4523903921949406,7.7842078438988125
False,0.7841970052187375,0.9921573639589285,0.06944004596575726,0.7755570670939919,0.6105686132770669,Rainy,Wet,True,False,Banked,0.8800611713732727,10.0
True,1.0,0.36937385247565946,0.0,1.0,1.0,Clear,Dry,False,False,Curved,0.05094522192514567,0.6349044385029133
False,0.7337197082745364,0.4838471089666906,0.9392334451931136,0.70708373519295,0.8629882838809193,Rainy,Wet,True,True,Turning,1.0,10.0
True,1.0,0.4702052408535927,0.0,1.0,1.0,Clear,Wet,False,False,Turning,0.09089189779678493,1.1938379559356984
True,1.0,0.2513808572219922,0.0,1.0,1.0,Snowy,Dry,True,False,Straight,0.10119979397309753,1.1815958794619503
True,1.0,0.35206979896922097,0.0,1.0,1.0,Clear,Wet,False,True,Banked,0.08279249027045307,1.0222498054090614
True,1.0,0.152910569005629,0.0,1.0,1.0,Clear,Icy,True,False,Banked,0.10190860149401149,1.1229720298802295
False,0.7531697756312954,0.756435923199922,0.4202479953894026,0.6856251342936406,0.9630018621773286,Snowy,Wet,True,False,Turning,1.0,10.0
False,0.5954551354231322,0.8608636555155191,0.9821118962528569,0.8171463714798894,0.8969301462530069,Snowy,Dry,True,True,Curved,1.0,10.0
False,0.6336328957790929,0.9735163914517431,0.6456888734266008,0.6044328887182742,0.7613593113620263,Snowy,Wet,False,True,Banked,1.0,10.0
False,0.799371048487331,1.1178854141973849,0.4272493275581426,0.7946386551115394,0.8101104270247521,Rainy,Icy,False,False,Straight,1.0,10.0
True,1.0,0.42941842203422165,0.0,1.0,1.0,Foggy,Wet,True,False,Curved,0.19671550896678325,2.5303101793356646
True,1.0,0.490143867106669,0.0,1.0,1.0,Snowy,Wet,True,True,Curved,0.30030416226826356,3.9843232453652715
True,1.0,0.3874404148699422,0.0,1.0,1.0,Foggy,Wet,True,True,Straight,0.17036390907354673,2.143678181470934
False,0.6139892162810185,0.22116873044750765,0.699803248593466,0.5912262487599849,0.7252150119727008,Clear,Icy,True,False,Banked,1.0,10.0
False,0.5863124982517618,1.356354822277182,0.6369749394179538,0.6705039754423934,0.8575662168156175,Rainy,Dry,True,False,Turning,1.0,10.0
False,0.7629297958424688,0.9098470840127095,0.4830788676277441,0.6649138914691823,0.7733277714719292,Snowy,Dry,True,True,Curved,1.0,10.0
True,1.0,0.49497985163714675,0.0,1.0,1.0,Foggy,Dry,False,True,Turning,0.1396986918408624,1.8579738368172474
False,0.7337693152859561,1.4734043951886946,0.5994583929812919,0.9862332637229577,0.9842689419948258,Rainy,Icy,False,False,Turning,1.0,10.0
False,0.7836845061743422,1.2358136907433475,0.19279774936731198,0.8391353768914067,0.6207209377403007,Snowy,Dry,False,False,Turning,1.0,10.0
False,0.9019924779211365,0.2659038788917206,0.5430032466303852,0.786965045631144,0.5703544371470095,Clear,Icy,False,True,Curved,0.6054362771468955,10.0
True,1.0,0.2674778649885998,0.0,1.0,1.0,Clear,Wet,False,True,Straight,0.06309014482671402,0.7434028965342805
False,0.7496311205085728,1.404825763997138,0.9470219343796165,0.6612368499032344,0.8758039390990474,Foggy,Wet,False,False,Banked,1.0,10.0
False,0.7351301440259568,0.556976318414786,0.00684858897554208,0.6932074111840684,0.7232054149269256,Foggy,Wet,False,True,Curved,0.5632083693042964,9.968167386085927
